ndc,key_code,template,tenant,generation_date,status,created_by,notes
8331326310,018432-LOPR-MF709-RX,master_mfr,MASTER,2025-08-10,Generated,master_pdl_system,Generated using master_mfr template for MASTER tenant
8331326310,AK-018432-LOPRES-RX,ak_standard,AK,2025-07-31,Validated,ak_pdl_system,Generated using ak_standard template for AK tenant
8331326310,MO-018432-LOPRES-RX,mo_standard,MO,2025-08-27,Active,mo_pdl_system,Generated using mo_standard template for MO tenant
9308678525,212203-GN2704-RX-P890,master_generic,MASTER,2025-08-02,Active,master_pdl_system,Generated using master_generic template for MASTER tenant
9308678525,MO-745483-BR99-COM-RX,mo_community,MO,2025-08-02,Generated,mo_pdl_system,Generated using mo_community template for MO tenant
2362849751,802438-BR97-MF678-RX,master_mfr,MASTER,2025-08-15,Validated,master_pdl_system,Generated using master_mfr template for MASTER tenant
2362849751,MO-571708-BR20-COM-RX,mo_community,MO,2025-08-08,Active,mo_pdl_system,Generated using mo_community template for MO tenant
7203228933,023987-PRIL-MF181-RX,master_mfr,MASTER,2025-07-23,Generated,master_pdl_system,Generated using master_mfr template for MASTER tenant
7203228933,AK-023987-PRIL-RX-RUR,ak_rural,AK,2025-07-25,Validated,ak_pdl_system,Generated using ak_rural template for AK tenant
7203228933,MO-023987-PRIL-COM-RX,mo_community,MO,2025-07-27,Active,mo_pdl_system,Generated using mo_community template for MO tenant
5708871550,432491-BR57-MF362-RX,master_mfr,MASTER,2025-07-27,Validated,master_pdl_system,Generated using master_mfr template for MASTER tenant
5708871550,AK-499120-BR80-P36785-EXT,ak_extended,AK,2025-08-10,Generated,ak_pdl_system,Generated using ak_extended template for AK tenant
5708871550,MO-406760-BR59-COM-RX,mo_community,MO,2025-07-29,Generated,mo_pdl_system,Generated using mo_community template for MO tenant
4347655264,338946-BR4075-RX-P671,master_standard,MASTER,2025-07-28,Validated,master_pdl_system,Generated using master_standard template for MASTER tenant
4347655264,417585-BR93-MF986-RX,master_mfr,MASTER,2025-08-24,Generated,master_pdl_system,Alternative master_mfr key code for MASTER tenant
4347655264,AK-679856-BR6613-RX,ak_standard,AK,2025-08-29,Validated,ak_pdl_system,Generated using ak_standard template for AK tenant
4347655264,MO-935009-BR31-COM-RX,mo_community,MO,2025-09-12,Validated,mo_pdl_system,Generated using mo_community template for MO tenant
8380967066,890101-BR1372-RX-P376,master_standard,MASTER,2025-08-18,Active,master_pdl_system,Generated using master_standard template for MASTER tenant
8380967066,AK-349991-BR60-RX-RUR,ak_rural,AK,2025-09-15,Generated,ak_pdl_system,Generated using ak_rural template for AK tenant
8380967066,MO-249147-BR69-COM-RX,mo_community,MO,2025-08-27,Validated,mo_pdl_system,Generated using mo_community template for MO tenant
8025249652,560556-BR19-MF491-RX,master_mfr,MASTER,2025-07-22,Active,master_pdl_system,Generated using master_mfr template for MASTER tenant
8025249652,AK-419886-BR44-RX-RUR,ak_rural,AK,2025-07-23,Active,ak_pdl_system,Generated using ak_rural template for AK tenant
8025249652,MO-857041-BR12-COM-RX,mo_community,MO,2025-08-13,Generated,mo_pdl_system,Generated using mo_community template for MO tenant
7149784386,792992-GN9099-RX-P347,master_generic,MASTER,2025-09-09,Active,master_pdl_system,Generated using master_generic template for MASTER tenant
7149784386,AK-744848-BR2410-RX,ak_standard,AK,2025-08-30,Active,ak_pdl_system,Generated using ak_standard template for AK tenant
7149784386,MO-592557-BR15-COM-RX,mo_community,MO,2025-09-03,Generated,mo_pdl_system,Generated using mo_community template for MO tenant
8661997481,207435-BR8494-RX-P350,master_standard,MASTER,2025-08-25,Generated,master_pdl_system,Generated using master_standard template for MASTER tenant
8661997481,101311-GN3868-RX-P908,master_generic,MASTER,2025-08-21,Generated,master_pdl_system,Alternative master_generic key code for MASTER tenant
8661997481,MO-944567-BR3554-MCD-P28,mo_medicaid,MO,2025-08-03,Active,mo_pdl_system,Generated using mo_medicaid template for MO tenant
8470443577,786535-BR35-MF733-RX,master_mfr,MASTER,2025-08-07,Validated,master_pdl_system,Generated using master_mfr template for MASTER tenant
8470443577,289755-GN6814-RX-P200,master_generic,MASTER,2025-09-07,Generated,master_pdl_system,Alternative master_generic key code for MASTER tenant
8470443577,MO-538499-BR1022-RX,mo_standard,MO,2025-08-21,Generated,mo_pdl_system,Generated using mo_standard template for MO tenant
1320794066,030123-ZESTRL-RX-P459,master_standard,MASTER,2025-07-22,Validated,master_pdl_system,Generated using master_standard template for MASTER tenant
1320794066,MO-030123-ZESTRL-MCD-P54,mo_medicaid,MO,2025-08-14,Active,mo_pdl_system,Generated using mo_medicaid template for MO tenant
1691540938,686161-GN2886-RX-P399,master_generic,MASTER,2025-07-23,Validated,master_pdl_system,Generated using master_generic template for MASTER tenant
1691540938,AK-263430-BR66-RX-RUR,ak_rural,AK,2025-08-25,Validated,ak_pdl_system,Generated using ak_rural template for AK tenant
1691540938,MO-952633-BR52-COM-RX,mo_community,MO,2025-09-05,Generated,mo_pdl_system,Generated using mo_community template for MO tenant
7488784199,282562-BR57-MF312-RX,master_mfr,MASTER,2025-09-03,Active,master_pdl_system,Generated using master_mfr template for MASTER tenant
7488784199,AK-720288-BR6185-RX,ak_standard,AK,2025-08-15,Active,ak_pdl_system,Generated using ak_standard template for AK tenant
7488784199,MO-533568-BR30-COM-RX,mo_community,MO,2025-07-24,Validated,mo_pdl_system,Generated using mo_community template for MO tenant
8904413378,720501-BR4074-RX-P236,master_standard,MASTER,2025-08-09,Generated,master_pdl_system,Generated using master_standard template for MASTER tenant
8904413378,787270-GN6272-RX-P340,master_generic,MASTER,2025-08-28,Generated,master_pdl_system,Alternative master_generic key code for MASTER tenant
8904413378,AK-721862-BR37-RX-RUR,ak_rural,AK,2025-08-10,Active,ak_pdl_system,Generated using ak_rural template for AK tenant
8904413378,MO-813515-BR93-COM-RX,mo_community,MO,2025-07-28,Generated,mo_pdl_system,Generated using mo_community template for MO tenant
6719494304,850502-BR25-MF919-RX,master_mfr,MASTER,2025-09-10,Active,master_pdl_system,Generated using master_mfr template for MASTER tenant
6719494304,MO-724951-BR5101-MCD-P17,mo_medicaid,MO,2025-08-29,Active,mo_pdl_system,Generated using mo_medicaid template for MO tenant
1053861788,824170-GN6819-RX-P975,master_generic,MASTER,2025-09-04,Validated,master_pdl_system,Generated using master_generic template for MASTER tenant
1053861788,638872-BR34-MF966-RX,master_mfr,MASTER,2025-09-01,Generated,master_pdl_system,Alternative master_mfr key code for MASTER tenant
1053861788,AK-666084-BR27-RX-RUR,ak_rural,AK,2025-09-04,Validated,ak_pdl_system,Generated using ak_rural template for AK tenant
4900626301,019876-ZOCO-MF302-RX,master_mfr,MASTER,2025-08-23,Active,master_pdl_system,Generated using master_mfr template for MASTER tenant
4900626301,MO-019876-ZOCO-COM-RX,mo_community,MO,2025-09-09,Validated,mo_pdl_system,Generated using mo_community template for MO tenant
7653481000,330716-BR5377-RX-P869,master_standard,MASTER,2025-09-06,Active,master_pdl_system,Generated using master_standard template for MASTER tenant
7653481000,AK-462372-BR52-RX-RUR,ak_rural,AK,2025-07-27,Generated,ak_pdl_system,Generated using ak_rural template for AK tenant
7653481000,MO-795323-BR3249-MCD-P15,mo_medicaid,MO,2025-08-29,Validated,mo_pdl_system,Generated using mo_medicaid template for MO tenant
7653481000,MO-880121-BR59-COM-RX,mo_community,MO,2025-08-25,Generated,mo_pdl_system,Alternative mo_community key code for MO tenant
5136828758,769256-BR79-MF575-RX,master_mfr,MASTER,2025-09-09,Active,master_pdl_system,Generated using master_mfr template for MASTER tenant
5136828758,521045-BR4543-RX-P500,master_standard,MASTER,2025-09-12,Generated,master_pdl_system,Alternative master_standard key code for MASTER tenant
5136828758,MO-969358-BR93-COM-RX,mo_community,MO,2025-09-14,Generated,mo_pdl_system,Generated using mo_community template for MO tenant
7679211703,023987-PRILOS-RX-P140,master_standard,MASTER,2025-07-25,Active,master_pdl_system,Generated using master_standard template for MASTER tenant
6901317675,058234-NORVAS-RX-P884,master_standard,MASTER,2025-08-05,Active,master_pdl_system,Generated using master_standard template for MASTER tenant
6901317675,AK-058234-NORV-P85991-EXT,ak_extended,AK,2025-08-09,Active,ak_pdl_system,Generated using ak_extended template for AK tenant
6901317675,MO-058234-NORVAS-RX,mo_standard,MO,2025-07-24,Active,mo_pdl_system,Generated using mo_standard template for MO tenant
6901317675,MO-058234-NORVAS-MCD-P15,mo_medicaid,MO,2025-09-14,Generated,mo_pdl_system,Alternative mo_medicaid key code for MO tenant
5119192821,571413-BR38-MF934-RX,master_mfr,MASTER,2025-08-19,Active,master_pdl_system,Generated using master_mfr template for MASTER tenant
5119192821,106279-BR9810-RX-P361,master_standard,MASTER,2025-08-26,Generated,master_pdl_system,Alternative master_standard key code for MASTER tenant
5119192821,MO-616042-BR6338-MCD-P30,mo_medicaid,MO,2025-09-11,Validated,mo_pdl_system,Generated using mo_medicaid template for MO tenant
8805972163,146823-BR5517-RX-P784,master_standard,MASTER,2025-09-15,Generated,master_pdl_system,Generated using master_standard template for MASTER tenant
8805972163,850812-GN6189-RX-P821,master_generic,MASTER,2025-09-08,Generated,master_pdl_system,Alternative master_generic key code for MASTER tenant
8805972163,AK-505429-BR8551-RX,ak_standard,AK,2025-07-29,Active,ak_pdl_system,Generated using ak_standard template for AK tenant
8805972163,MO-942446-BR1506-MCD-P39,mo_medicaid,MO,2025-08-04,Generated,mo_pdl_system,Generated using mo_medicaid template for MO tenant
5494434588,695607-GN9591-RX-P241,master_generic,MASTER,2025-08-30,Generated,master_pdl_system,Generated using master_generic template for MASTER tenant
5494434588,MO-673883-BR3588-RX,mo_standard,MO,2025-07-25,Active,mo_pdl_system,Generated using mo_standard template for MO tenant
2831986176,609293-BR2002-RX-P285,master_standard,MASTER,2025-08-15,Active,master_pdl_system,Generated using master_standard template for MASTER tenant
2831986176,MO-955537-BR95-COM-RX,mo_community,MO,2025-09-14,Generated,mo_pdl_system,Generated using mo_community template for MO tenant
2756505153,928606-BR4123-RX-P288,master_standard,MASTER,2025-08-07,Generated,master_pdl_system,Generated using master_standard template for MASTER tenant
2756505153,AK-655518-BR76-RX-RUR,ak_rural,AK,2025-08-18,Validated,ak_pdl_system,Generated using ak_rural template for AK tenant
2756505153,MO-707182-BR1404-MCD-P76,mo_medicaid,MO,2025-08-14,Active,mo_pdl_system,Generated using mo_medicaid template for MO tenant
3705303491,976279-BR1571-RX-P359,master_standard,MASTER,2025-09-03,Generated,master_pdl_system,Generated using master_standard template for MASTER tenant
3705303491,AK-634397-BR48-P90823-EXT,ak_extended,AK,2025-07-24,Validated,ak_pdl_system,Generated using ak_extended template for AK tenant
3705303491,MO-797764-BR16-COM-RX,mo_community,MO,2025-09-07,Generated,mo_pdl_system,Generated using mo_community template for MO tenant
2235223532,384716-BR4269-RX-P511,master_standard,MASTER,2025-09-07,Validated,master_pdl_system,Generated using master_standard template for MASTER tenant
2235223532,MO-820168-BR4836-MCD-P97,mo_medicaid,MO,2025-08-05,Validated,mo_pdl_system,Generated using mo_medicaid template for MO tenant
3705784427,980980-BR28-MF189-RX,master_mfr,MASTER,2025-08-04,Generated,master_pdl_system,Generated using master_mfr template for MASTER tenant
3705784427,AK-191059-BR11-P85203-EXT,ak_extended,AK,2025-09-06,Active,ak_pdl_system,Generated using ak_extended template for AK tenant
3110172904,250572-GN2898-RX-P674,master_generic,MASTER,2025-07-29,Generated,master_pdl_system,Generated using master_generic template for MASTER tenant
3110172904,MO-800341-BR80-COM-RX,mo_community,MO,2025-08-10,Validated,mo_pdl_system,Generated using mo_community template for MO tenant
5513671390,496994-BR32-MF906-RX,master_mfr,MASTER,2025-08-19,Validated,master_pdl_system,Generated using master_mfr template for MASTER tenant
5513671390,509233-BR5753-RX-P620,master_standard,MASTER,2025-09-01,Generated,master_pdl_system,Alternative master_standard key code for MASTER tenant
5513671390,AK-371418-BR66-RX-RUR,ak_rural,AK,2025-09-08,Validated,ak_pdl_system,Generated using ak_rural template for AK tenant
5513671390,MO-816297-BR96-COM-RX,mo_community,MO,2025-08-13,Validated,mo_pdl_system,Generated using mo_community template for MO tenant
8129463130,018432-GN1303-RX-P654,master_generic,MASTER,2025-09-14,Active,master_pdl_system,Generated using master_generic template for MASTER tenant
8129463130,AK-018432-LOPR-P86956-EXT,ak_extended,AK,2025-08-26,Generated,ak_pdl_system,Generated using ak_extended template for AK tenant
8129463130,MO-018432-LOPRES-MCD-P43,mo_medicaid,MO,2025-08-08,Validated,mo_pdl_system,Generated using mo_medicaid template for MO tenant
9711905827,845659-BR4681-RX-P133,master_standard,MASTER,2025-08-06,Active,master_pdl_system,Generated using master_standard template for MASTER tenant
9711905827,AK-922285-BR3577-RX,ak_standard,AK,2025-08-18,Active,ak_pdl_system,Generated using ak_standard template for AK tenant
9711905827,MO-205647-BR7249-RX,mo_standard,MO,2025-07-22,Generated,mo_pdl_system,Generated using mo_standard template for MO tenant
9711905827,MO-708068-BR77-COM-RX,mo_community,MO,2025-08-21,Generated,mo_pdl_system,Alternative mo_community key code for MO tenant
6498746277,019876-ZOCO-MF568-RX,master_mfr,MASTER,2025-08-30,Generated,master_pdl_system,Generated using master_mfr template for MASTER tenant
6498746277,AK-019876-ZOCO-RX-RUR,ak_rural,AK,2025-08-06,Validated,ak_pdl_system,Generated using ak_rural template for AK tenant
6498746277,MO-019876-ZOCO-COM-RX,mo_community,MO,2025-08-22,Active,mo_pdl_system,Generated using mo_community template for MO tenant
1700529332,058234-NORVAS-RX-P695,master_standard,MASTER,2025-08-06,Validated,master_pdl_system,Generated using master_standard template for MASTER tenant
1700529332,AK-058234-NORV-RX-RUR,ak_rural,AK,2025-09-04,Active,ak_pdl_system,Generated using ak_rural template for AK tenant
1700529332,MO-058234-NORVAS-MCD-P29,mo_medicaid,MO,2025-09-09,Active,mo_pdl_system,Generated using mo_medicaid template for MO tenant
8298103936,475833-BR5028-RX-P336,master_standard,MASTER,2025-08-03,Generated,master_pdl_system,Generated using master_standard template for MASTER tenant
8298103936,MO-208407-BR57-COM-RX,mo_community,MO,2025-08-18,Generated,mo_pdl_system,Generated using mo_community template for MO tenant
3689312210,231692-BR9889-RX-P935,master_standard,MASTER,2025-07-27,Validated,master_pdl_system,Generated using master_standard template for MASTER tenant
3689312210,AK-381816-BR4764-RX,ak_standard,AK,2025-08-11,Validated,ak_pdl_system,Generated using ak_standard template for AK tenant
3689312210,MO-411671-BR9911-MCD-P18,mo_medicaid,MO,2025-09-16,Generated,mo_pdl_system,Generated using mo_medicaid template for MO tenant
8889516158,386116-BR1186-RX-P738,master_standard,MASTER,2025-08-10,Active,master_pdl_system,Generated using master_standard template for MASTER tenant
8889516158,AK-397333-BR33-RX-RUR,ak_rural,AK,2025-08-25,Validated,ak_pdl_system,Generated using ak_rural template for AK tenant
8889516158,MO-641836-BR4630-MCD-P96,mo_medicaid,MO,2025-07-26,Active,mo_pdl_system,Generated using mo_medicaid template for MO tenant
5898551545,587813-BR6858-RX-P727,master_standard,MASTER,2025-09-03,Generated,master_pdl_system,Generated using master_standard template for MASTER tenant
5898551545,AK-895677-BR38-RX-RUR,ak_rural,AK,2025-08-18,Active,ak_pdl_system,Generated using ak_rural template for AK tenant
5898551545,MO-512896-BR6219-RX,mo_standard,MO,2025-08-08,Validated,mo_pdl_system,Generated using mo_standard template for MO tenant
1101131385,336683-BR4453-RX-P665,master_standard,MASTER,2025-08-19,Active,master_pdl_system,Generated using master_standard template for MASTER tenant
1101131385,AK-586058-BR26-RX-RUR,ak_rural,AK,2025-07-24,Active,ak_pdl_system,Generated using ak_rural template for AK tenant
1101131385,MO-873694-BR4075-MCD-P10,mo_medicaid,MO,2025-08-19,Active,mo_pdl_system,Generated using mo_medicaid template for MO tenant
7533824680,109840-BR71-MF452-RX,master_mfr,MASTER,2025-08-09,Active,master_pdl_system,Generated using master_mfr template for MASTER tenant
7533824680,AK-738301-BR88-RX-RUR,ak_rural,AK,2025-07-23,Generated,ak_pdl_system,Generated using ak_rural template for AK tenant
7533824680,MO-693519-BR1016-RX,mo_standard,MO,2025-08-04,Generated,mo_pdl_system,Generated using mo_standard template for MO tenant
6293839765,273430-GN9491-RX-P646,master_generic,MASTER,2025-09-02,Generated,master_pdl_system,Generated using master_generic template for MASTER tenant
6293839765,AK-945292-BR76-P22769-EXT,ak_extended,AK,2025-09-05,Generated,ak_pdl_system,Generated using ak_extended template for AK tenant
6293839765,MO-951077-BR27-COM-RX,mo_community,MO,2025-07-31,Generated,mo_pdl_system,Generated using mo_community template for MO tenant
5747878523,270884-BR30-MF744-RX,master_mfr,MASTER,2025-07-24,Validated,master_pdl_system,Generated using master_mfr template for MASTER tenant
5747878523,AK-553065-BR6390-RX,ak_standard,AK,2025-08-06,Generated,ak_pdl_system,Generated using ak_standard template for AK tenant
5747878523,AK-563776-BR11-RX-RUR,ak_rural,AK,2025-08-23,Generated,ak_pdl_system,Alternative ak_rural key code for AK tenant
5747878523,MO-933833-BR50-COM-RX,mo_community,MO,2025-09-03,Active,mo_pdl_system,Generated using mo_community template for MO tenant
7246526346,483919-GN1287-RX-P718,master_generic,MASTER,2025-08-21,Active,master_pdl_system,Generated using master_generic template for MASTER tenant
7246526346,MO-535537-BR1031-MCD-P11,mo_medicaid,MO,2025-08-07,Generated,mo_pdl_system,Generated using mo_medicaid template for MO tenant
3262717209,558798-GN3536-RX-P399,master_generic,MASTER,2025-08-30,Active,master_pdl_system,Generated using master_generic template for MASTER tenant
3262717209,AK-871154-BR4520-RX,ak_standard,AK,2025-09-18,Generated,ak_pdl_system,Generated using ak_standard template for AK tenant
7950805510,643738-BR9036-RX-P856,master_standard,MASTER,2025-09-10,Active,master_pdl_system,Generated using master_standard template for MASTER tenant
7950805510,AK-285895-BR40-P72614-EXT,ak_extended,AK,2025-09-14,Active,ak_pdl_system,Generated using ak_extended template for AK tenant
7950805510,MO-888574-BR9314-MCD-P19,mo_medicaid,MO,2025-08-11,Generated,mo_pdl_system,Generated using mo_medicaid template for MO tenant
7950805510,MO-769230-BR3376-RX,mo_standard,MO,2025-09-07,Generated,mo_pdl_system,Alternative mo_standard key code for MO tenant
5912155877,518171-BR6857-RX-P722,master_standard,MASTER,2025-08-10,Active,master_pdl_system,Generated using master_standard template for MASTER tenant
5912155877,AK-485070-BR1693-RX,ak_standard,AK,2025-08-21,Validated,ak_pdl_system,Generated using ak_standard template for AK tenant
5912155877,MO-483126-BR6788-MCD-P71,mo_medicaid,MO,2025-08-08,Active,mo_pdl_system,Generated using mo_medicaid template for MO tenant
4360826110,228597-GN6776-RX-P837,master_generic,MASTER,2025-08-05,Generated,master_pdl_system,Generated using master_generic template for MASTER tenant
4360826110,AK-494858-BR7728-RX,ak_standard,AK,2025-07-27,Active,ak_pdl_system,Generated using ak_standard template for AK tenant
4360826110,MO-718849-BR5149-MCD-P36,mo_medicaid,MO,2025-09-14,Generated,mo_pdl_system,Generated using mo_medicaid template for MO tenant
3671667795,854464-BR1139-RX-P919,master_standard,MASTER,2025-08-14,Generated,master_pdl_system,Generated using master_standard template for MASTER tenant
3671667795,MO-469158-BR8692-RX,mo_standard,MO,2025-07-31,Active,mo_pdl_system,Generated using mo_standard template for MO tenant
1412959328,312646-BR1206-RX-P267,master_standard,MASTER,2025-09-09,Validated,master_pdl_system,Generated using master_standard template for MASTER tenant
1412959328,AK-581683-BR61-P73104-EXT,ak_extended,AK,2025-08-26,Generated,ak_pdl_system,Generated using ak_extended template for AK tenant
1412959328,MO-625476-BR6363-MCD-P30,mo_medicaid,MO,2025-07-30,Validated,mo_pdl_system,Generated using mo_medicaid template for MO tenant
6479439827,263970-BR9155-RX-P461,master_standard,MASTER,2025-08-10,Validated,master_pdl_system,Generated using master_standard template for MASTER tenant
6479439827,AK-422377-BR91-RX-RUR,ak_rural,AK,2025-08-01,Validated,ak_pdl_system,Generated using ak_rural template for AK tenant
1571971889,408085-BR90-MF598-RX,master_mfr,MASTER,2025-07-24,Validated,master_pdl_system,Generated using master_mfr template for MASTER tenant
1571971889,AK-623826-BR16-RX-RUR,ak_rural,AK,2025-09-04,Validated,ak_pdl_system,Generated using ak_rural template for AK tenant
1571971889,MO-631233-BR5461-MCD-P69,mo_medicaid,MO,2025-07-22,Generated,mo_pdl_system,Generated using mo_medicaid template for MO tenant
7103348799,128732-GN4893-RX-P212,master_generic,MASTER,2025-09-08,Validated,master_pdl_system,Generated using master_generic template for MASTER tenant
7103348799,AK-983597-BR89-RX-RUR,ak_rural,AK,2025-08-15,Active,ak_pdl_system,Generated using ak_rural template for AK tenant
7103348799,MO-833075-BR78-COM-RX,mo_community,MO,2025-09-03,Active,mo_pdl_system,Generated using mo_community template for MO tenant
9127906958,775465-BR8422-RX-P318,master_standard,MASTER,2025-08-16,Generated,master_pdl_system,Generated using master_standard template for MASTER tenant
9127906958,MO-697361-BR50-COM-RX,mo_community,MO,2025-09-10,Active,mo_pdl_system,Generated using mo_community template for MO tenant
1511326375,024578-GN9408-RX-P560,master_generic,MASTER,2025-08-11,Validated,master_pdl_system,Generated using master_generic template for MASTER tenant
1511326375,AK-024578-GLUCOP-RX,ak_standard,AK,2025-08-28,Active,ak_pdl_system,Generated using ak_standard template for AK tenant
1511326375,MO-024578-GLUC-COM-RX,mo_community,MO,2025-09-18,Generated,mo_pdl_system,Generated using mo_community template for MO tenant
1009428392,410989-BR1414-RX-P956,master_standard,MASTER,2025-08-07,Validated,master_pdl_system,Generated using master_standard template for MASTER tenant
1009428392,AK-633841-BR45-P56484-EXT,ak_extended,AK,2025-07-22,Active,ak_pdl_system,Generated using ak_extended template for AK tenant
5228803725,277175-GN1446-RX-P202,master_generic,MASTER,2025-08-16,Validated,master_pdl_system,Generated using master_generic template for MASTER tenant
5228803725,AK-563327-BR1744-RX,ak_standard,AK,2025-09-16,Active,ak_pdl_system,Generated using ak_standard template for AK tenant
5228803725,MO-217574-BR3208-MCD-P64,mo_medicaid,MO,2025-09-08,Validated,mo_pdl_system,Generated using mo_medicaid template for MO tenant
5228803725,MO-930897-BR17-COM-RX,mo_community,MO,2025-08-28,Generated,mo_pdl_system,Alternative mo_community key code for MO tenant
7097160169,944493-BR5880-RX-P409,master_standard,MASTER,2025-07-23,Generated,master_pdl_system,Generated using master_standard template for MASTER tenant
7097160169,AK-463046-BR89-RX-RUR,ak_rural,AK,2025-09-16,Generated,ak_pdl_system,Generated using ak_rural template for AK tenant
7097160169,MO-661020-BR7723-RX,mo_standard,MO,2025-07-26,Active,mo_pdl_system,Generated using mo_standard template for MO tenant
6576725730,835414-GN5800-RX-P767,master_generic,MASTER,2025-07-26,Generated,master_pdl_system,Generated using master_generic template for MASTER tenant
6576725730,AK-509928-BR36-RX-RUR,ak_rural,AK,2025-08-02,Validated,ak_pdl_system,Generated using ak_rural template for AK tenant
6576725730,MO-616998-BR8606-MCD-P98,mo_medicaid,MO,2025-07-27,Active,mo_pdl_system,Generated using mo_medicaid template for MO tenant
1911350010,878353-GN1717-RX-P156,master_generic,MASTER,2025-08-07,Generated,master_pdl_system,Generated using master_generic template for MASTER tenant
1911350010,AK-512922-BR62-RX-RUR,ak_rural,AK,2025-09-11,Active,ak_pdl_system,Generated using ak_rural template for AK tenant
1911350010,MO-635563-BR78-COM-RX,mo_community,MO,2025-08-06,Active,mo_pdl_system,Generated using mo_community template for MO tenant
9435524835,023987-PRIL-MF162-RX,master_mfr,MASTER,2025-08-16,Active,master_pdl_system,Generated using master_mfr template for MASTER tenant
9435524835,AK-023987-PRILOS-RX,ak_standard,AK,2025-08-16,Active,ak_pdl_system,Generated using ak_standard template for AK tenant
8107389623,832255-BR79-MF899-RX,master_mfr,MASTER,2025-08-21,Active,master_pdl_system,Generated using master_mfr template for MASTER tenant
8107389623,AK-835499-BR2061-RX,ak_standard,AK,2025-07-21,Validated,ak_pdl_system,Generated using ak_standard template for AK tenant
8107389623,MO-855863-BR2871-MCD-P68,mo_medicaid,MO,2025-07-22,Generated,mo_pdl_system,Generated using mo_medicaid template for MO tenant
5960196797,874872-BR7638-RX-P193,master_standard,MASTER,2025-09-04,Validated,master_pdl_system,Generated using master_standard template for MASTER tenant
5960196797,AK-122647-BR48-RX-RUR,ak_rural,AK,2025-08-11,Validated,ak_pdl_system,Generated using ak_rural template for AK tenant
5960196797,MO-418890-BR5324-RX,mo_standard,MO,2025-08-20,Active,mo_pdl_system,Generated using mo_standard template for MO tenant
5867639038,929064-BR4829-RX-P399,master_standard,MASTER,2025-09-05,Validated,master_pdl_system,Generated using master_standard template for MASTER tenant
5867639038,921108-BR39-MF397-RX,master_mfr,MASTER,2025-08-23,Generated,master_pdl_system,Alternative master_mfr key code for MASTER tenant
5867639038,AK-851678-BR97-P84565-EXT,ak_extended,AK,2025-09-13,Validated,ak_pdl_system,Generated using ak_extended template for AK tenant
5867639038,MO-919236-BR59-COM-RX,mo_community,MO,2025-08-19,Active,mo_pdl_system,Generated using mo_community template for MO tenant
3247337331,651936-BR9750-RX-P413,master_standard,MASTER,2025-07-21,Active,master_pdl_system,Generated using master_standard template for MASTER tenant
3247337331,AK-830411-BR37-RX-RUR,ak_rural,AK,2025-07-30,Active,ak_pdl_system,Generated using ak_rural template for AK tenant
3247337331,MO-812926-BR26-COM-RX,mo_community,MO,2025-07-26,Validated,mo_pdl_system,Generated using mo_community template for MO tenant
1216609549,714140-BR32-MF784-RX,master_mfr,MASTER,2025-07-27,Generated,master_pdl_system,Generated using master_mfr template for MASTER tenant
1216609549,MO-499448-BR76-COM-RX,mo_community,MO,2025-08-27,Generated,mo_pdl_system,Generated using mo_community template for MO tenant
8258424449,762911-BR5217-RX-P514,master_standard,MASTER,2025-09-06,Validated,master_pdl_system,Generated using master_standard template for MASTER tenant
8258424449,AK-991069-BR24-RX-RUR,ak_rural,AK,2025-08-19,Generated,ak_pdl_system,Generated using ak_rural template for AK tenant
8258424449,MO-144992-BR40-COM-RX,mo_community,MO,2025-09-11,Generated,mo_pdl_system,Generated using mo_community template for MO tenant
7360733059,030123-GN2375-RX-P977,master_generic,MASTER,2025-07-22,Active,master_pdl_system,Generated using master_generic template for MASTER tenant
7360733059,AK-030123-ZESTRL-RX,ak_standard,AK,2025-07-30,Generated,ak_pdl_system,Generated using ak_standard template for AK tenant
7360733059,MO-030123-ZESTRL-RX,mo_standard,MO,2025-08-25,Generated,mo_pdl_system,Generated using mo_standard template for MO tenant
7360733059,MO-030123-ZEST-COM-RX,mo_community,MO,2025-09-17,Generated,mo_pdl_system,Alternative mo_community key code for MO tenant
1445828320,030123-ZESTRL-RX-P847,master_standard,MASTER,2025-08-07,Generated,master_pdl_system,Generated using master_standard template for MASTER tenant
1445828320,AK-030123-ZEST-RX-RUR,ak_rural,AK,2025-08-15,Active,ak_pdl_system,Generated using ak_rural template for AK tenant
1445828320,MO-030123-ZEST-COM-RX,mo_community,MO,2025-08-05,Validated,mo_pdl_system,Generated using mo_community template for MO tenant
6987544085,186840-BR94-MF346-RX,master_mfr,MASTER,2025-08-10,Generated,master_pdl_system,Generated using master_mfr template for MASTER tenant
6987544085,AK-123164-BR5875-RX,ak_standard,AK,2025-09-09,Active,ak_pdl_system,Generated using ak_standard template for AK tenant
6987544085,MO-927305-BR8219-RX,mo_standard,MO,2025-08-05,Generated,mo_pdl_system,Generated using mo_standard template for MO tenant
7762330563,535650-BR4653-RX-P987,master_standard,MASTER,2025-08-24,Validated,master_pdl_system,Generated using master_standard template for MASTER tenant
7762330563,839517-GN5503-RX-P151,master_generic,MASTER,2025-08-30,Generated,master_pdl_system,Alternative master_generic key code for MASTER tenant
7762330563,AK-254852-BR73-RX-RUR,ak_rural,AK,2025-08-12,Validated,ak_pdl_system,Generated using ak_rural template for AK tenant
7762330563,MO-850512-BR5659-MCD-P56,mo_medicaid,MO,2025-09-03,Active,mo_pdl_system,Generated using mo_medicaid template for MO tenant
1105633480,334891-BR53-MF405-RX,master_mfr,MASTER,2025-08-07,Active,master_pdl_system,Generated using master_mfr template for MASTER tenant
1105633480,AK-900146-BR7242-RX,ak_standard,AK,2025-09-16,Generated,ak_pdl_system,Generated using ak_standard template for AK tenant
1105633480,MO-615427-BR5252-MCD-P29,mo_medicaid,MO,2025-09-10,Validated,mo_pdl_system,Generated using mo_medicaid template for MO tenant
5083708161,608210-BR22-MF925-RX,master_mfr,MASTER,2025-09-13,Active,master_pdl_system,Generated using master_mfr template for MASTER tenant
5083708161,665322-GN1026-RX-P159,master_generic,MASTER,2025-09-06,Generated,master_pdl_system,Alternative master_generic key code for MASTER tenant
5083708161,AK-966690-BR15-RX-RUR,ak_rural,AK,2025-08-28,Validated,ak_pdl_system,Generated using ak_rural template for AK tenant
5083708161,MO-294771-BR7343-MCD-P13,mo_medicaid,MO,2025-08-10,Active,mo_pdl_system,Generated using mo_medicaid template for MO tenant
8251110183,713423-GN1571-RX-P319,master_generic,MASTER,2025-08-15,Generated,master_pdl_system,Generated using master_generic template for MASTER tenant
8251110183,AK-518562-BR59-RX-RUR,ak_rural,AK,2025-08-14,Active,ak_pdl_system,Generated using ak_rural template for AK tenant
8251110183,MO-831440-BR62-COM-RX,mo_community,MO,2025-08-02,Generated,mo_pdl_system,Generated using mo_community template for MO tenant
9494231050,810329-BR42-MF454-RX,master_mfr,MASTER,2025-08-28,Generated,master_pdl_system,Generated using master_mfr template for MASTER tenant
9494231050,160818-GN3311-RX-P281,master_generic,MASTER,2025-09-02,Generated,master_pdl_system,Alternative master_generic key code for MASTER tenant
9494231050,AK-407443-BR6567-RX,ak_standard,AK,2025-07-28,Validated,ak_pdl_system,Generated using ak_standard template for AK tenant
9494231050,MO-285003-BR4381-MCD-P39,mo_medicaid,MO,2025-08-23,Active,mo_pdl_system,Generated using mo_medicaid template for MO tenant
4164880711,371560-BR8370-RX-P859,master_standard,MASTER,2025-08-02,Generated,master_pdl_system,Generated using master_standard template for MASTER tenant
4164880711,MO-407650-BR83-COM-RX,mo_community,MO,2025-08-21,Validated,mo_pdl_system,Generated using mo_community template for MO tenant
5544731222,625623-GN6683-RX-P146,master_generic,MASTER,2025-09-17,Validated,master_pdl_system,Generated using master_generic template for MASTER tenant
5544731222,AK-446228-BR68-RX-RUR,ak_rural,AK,2025-08-09,Active,ak_pdl_system,Generated using ak_rural template for AK tenant
5544731222,MO-580809-BR68-COM-RX,mo_community,MO,2025-07-26,Active,mo_pdl_system,Generated using mo_community template for MO tenant
5544731222,MO-933618-BR1889-RX,mo_standard,MO,2025-08-25,Generated,mo_pdl_system,Alternative mo_standard key code for MO tenant
2312602678,269603-BR93-MF594-RX,master_mfr,MASTER,2025-08-27,Active,master_pdl_system,Generated using master_mfr template for MASTER tenant
2312602678,AK-216754-BR88-RX-RUR,ak_rural,AK,2025-08-24,Validated,ak_pdl_system,Generated using ak_rural template for AK tenant
2312602678,MO-585559-BR8558-MCD-P97,mo_medicaid,MO,2025-09-19,Generated,mo_pdl_system,Generated using mo_medicaid template for MO tenant
1185142368,018432-LOPR-MF764-RX,master_mfr,MASTER,2025-08-31,Validated,master_pdl_system,Generated using master_mfr template for MASTER tenant
1185142368,AK-018432-LOPRES-RX,ak_standard,AK,2025-07-27,Generated,ak_pdl_system,Generated using ak_standard template for AK tenant
1185142368,MO-018432-LOPRES-MCD-P23,mo_medicaid,MO,2025-07-24,Active,mo_pdl_system,Generated using mo_medicaid template for MO tenant
8061939755,404024-BR2402-RX-P552,master_standard,MASTER,2025-07-28,Generated,master_pdl_system,Generated using master_standard template for MASTER tenant
8061939755,AK-634930-BR63-RX-RUR,ak_rural,AK,2025-08-30,Validated,ak_pdl_system,Generated using ak_rural template for AK tenant
8061939755,MO-220646-BR60-COM-RX,mo_community,MO,2025-08-20,Validated,mo_pdl_system,Generated using mo_community template for MO tenant
3015762722,729103-GN8093-RX-P237,master_generic,MASTER,2025-08-18,Validated,master_pdl_system,Generated using master_generic template for MASTER tenant
3015762722,AK-789937-BR8367-RX,ak_standard,AK,2025-09-10,Generated,ak_pdl_system,Generated using ak_standard template for AK tenant
3015762722,MO-938271-BR6940-MCD-P60,mo_medicaid,MO,2025-08-19,Active,mo_pdl_system,Generated using mo_medicaid template for MO tenant
9355354271,178983-GN8611-RX-P511,master_generic,MASTER,2025-08-29,Generated,master_pdl_system,Generated using master_generic template for MASTER tenant
9355354271,AK-966767-BR63-P52609-EXT,ak_extended,AK,2025-09-07,Generated,ak_pdl_system,Generated using ak_extended template for AK tenant
9355354271,MO-640645-BR15-COM-RX,mo_community,MO,2025-08-21,Generated,mo_pdl_system,Generated using mo_community template for MO tenant
9810359791,148196-BR7825-RX-P362,master_standard,MASTER,2025-09-15,Active,master_pdl_system,Generated using master_standard template for MASTER tenant
9810359791,660240-GN4255-RX-P601,master_generic,MASTER,2025-09-02,Generated,master_pdl_system,Alternative master_generic key code for MASTER tenant
9810359791,AK-356234-BR53-RX-RUR,ak_rural,AK,2025-09-10,Validated,ak_pdl_system,Generated using ak_rural template for AK tenant
9810359791,MO-326462-BR5175-MCD-P21,mo_medicaid,MO,2025-08-18,Active,mo_pdl_system,Generated using mo_medicaid template for MO tenant
5192805893,420915-BR44-MF111-RX,master_mfr,MASTER,2025-08-21,Validated,master_pdl_system,Generated using master_mfr template for MASTER tenant
5192805893,AK-624693-BR22-P72628-EXT,ak_extended,AK,2025-08-20,Active,ak_pdl_system,Generated using ak_extended template for AK tenant
9302724976,058234-NORV-MF199-RX,master_mfr,MASTER,2025-09-05,Generated,master_pdl_system,Generated using master_mfr template for MASTER tenant
6691316698,030123-GN9455-RX-P375,master_generic,MASTER,2025-08-18,Generated,master_pdl_system,Generated using master_generic template for MASTER tenant
6691316698,AK-030123-ZEST-RX-RUR,ak_rural,AK,2025-07-28,Generated,ak_pdl_system,Generated using ak_rural template for AK tenant
6691316698,MO-030123-ZESTRL-MCD-P18,mo_medicaid,MO,2025-08-14,Generated,mo_pdl_system,Generated using mo_medicaid template for MO tenant
6691316698,MO-030123-ZEST-COM-RX,mo_community,MO,2025-09-13,Generated,mo_pdl_system,Alternative mo_community key code for MO tenant
9432416335,023987-PRILOS-RX-P382,master_standard,MASTER,2025-08-08,Validated,master_pdl_system,Generated using master_standard template for MASTER tenant
5070124937,816897-BR9393-RX-P512,master_standard,MASTER,2025-08-07,Generated,master_pdl_system,Generated using master_standard template for MASTER tenant
5070124937,527552-BR59-MF180-RX,master_mfr,MASTER,2025-09-04,Generated,master_pdl_system,Alternative master_mfr key code for MASTER tenant
5070124937,AK-360658-BR36-P99528-EXT,ak_extended,AK,2025-08-05,Generated,ak_pdl_system,Generated using ak_extended template for AK tenant
5070124937,MO-320430-BR5086-MCD-P98,mo_medicaid,MO,2025-08-16,Active,mo_pdl_system,Generated using mo_medicaid template for MO tenant
9020967910,627826-BR18-MF109-RX,master_mfr,MASTER,2025-07-25,Active,master_pdl_system,Generated using master_mfr template for MASTER tenant
9020967910,MO-163754-BR4528-MCD-P36,mo_medicaid,MO,2025-08-15,Generated,mo_pdl_system,Generated using mo_medicaid template for MO tenant
9020967910,MO-103411-BR29-COM-RX,mo_community,MO,2025-09-17,Generated,mo_pdl_system,Alternative mo_community key code for MO tenant
1699169388,019876-ZOCO-MF105-RX,master_mfr,MASTER,2025-09-06,Active,master_pdl_system,Generated using master_mfr template for MASTER tenant
6904452356,058234-NORVAS-RX-P617,master_standard,MASTER,2025-09-04,Validated,master_pdl_system,Generated using master_standard template for MASTER tenant
6904452356,AK-058234-NORV-RX-RUR,ak_rural,AK,2025-07-27,Active,ak_pdl_system,Generated using ak_rural template for AK tenant
6904452356,MO-058234-NORVAS-MCD-P92,mo_medicaid,MO,2025-08-07,Validated,mo_pdl_system,Generated using mo_medicaid template for MO tenant
8743697098,030123-ZEST-MF256-RX,master_mfr,MASTER,2025-07-24,Validated,master_pdl_system,Generated using master_mfr template for MASTER tenant
8743697098,AK-030123-ZEST-RX-RUR,ak_rural,AK,2025-09-02,Validated,ak_pdl_system,Generated using ak_rural template for AK tenant
8743697098,MO-030123-ZESTRL-MCD-P59,mo_medicaid,MO,2025-07-30,Generated,mo_pdl_system,Generated using mo_medicaid template for MO tenant
2566306779,019876-ZOCORX-RX-P218,master_standard,MASTER,2025-08-05,Active,master_pdl_system,Generated using master_standard template for MASTER tenant
2566306779,AK-019876-ZOCO-P37731-EXT,ak_extended,AK,2025-08-19,Validated,ak_pdl_system,Generated using ak_extended template for AK tenant
2566306779,MO-019876-ZOCO-COM-RX,mo_community,MO,2025-09-09,Validated,mo_pdl_system,Generated using mo_community template for MO tenant
9503133925,830471-BR46-MF240-RX,master_mfr,MASTER,2025-08-27,Generated,master_pdl_system,Generated using master_mfr template for MASTER tenant
9503133925,AK-867285-BR81-RX-RUR,ak_rural,AK,2025-09-13,Active,ak_pdl_system,Generated using ak_rural template for AK tenant
9503133925,MO-859611-BR61-COM-RX,mo_community,MO,2025-08-24,Active,mo_pdl_system,Generated using mo_community template for MO tenant
7007934187,514924-BR3813-RX-P783,master_standard,MASTER,2025-09-19,Validated,master_pdl_system,Generated using master_standard template for MASTER tenant
7007934187,AK-396080-BR6953-RX,ak_standard,AK,2025-08-17,Validated,ak_pdl_system,Generated using ak_standard template for AK tenant
7007934187,MO-928866-BR75-COM-RX,mo_community,MO,2025-08-28,Validated,mo_pdl_system,Generated using mo_community template for MO tenant
4592872183,975516-BR48-MF975-RX,master_mfr,MASTER,2025-08-05,Active,master_pdl_system,Generated using master_mfr template for MASTER tenant
4592872183,AK-507994-BR99-RX-RUR,ak_rural,AK,2025-09-11,Active,ak_pdl_system,Generated using ak_rural template for AK tenant
4592872183,MO-310527-BR96-COM-RX,mo_community,MO,2025-08-17,Validated,mo_pdl_system,Generated using mo_community template for MO tenant
1224811583,355656-GN1428-RX-P378,master_generic,MASTER,2025-07-24,Active,master_pdl_system,Generated using master_generic template for MASTER tenant
7199691766,030123-ZESTRL-RX-P440,master_standard,MASTER,2025-09-02,Validated,master_pdl_system,Generated using master_standard template for MASTER tenant
7199691766,AK-030123-ZEST-RX-RUR,ak_rural,AK,2025-08-24,Generated,ak_pdl_system,Generated using ak_rural template for AK tenant
7199691766,MO-030123-ZESTRL-MCD-P76,mo_medicaid,MO,2025-08-05,Generated,mo_pdl_system,Generated using mo_medicaid template for MO tenant
8511183502,058234-GN2211-RX-P869,master_generic,MASTER,2025-09-03,Active,master_pdl_system,Generated using master_generic template for MASTER tenant
8511183502,MO-058234-NORVAS-RX,mo_standard,MO,2025-08-08,Active,mo_pdl_system,Generated using mo_standard template for MO tenant
3859551369,713320-BR1918-RX-P177,master_standard,MASTER,2025-07-25,Active,master_pdl_system,Generated using master_standard template for MASTER tenant
3859551369,AK-815128-BR8964-RX,ak_standard,AK,2025-08-07,Active,ak_pdl_system,Generated using ak_standard template for AK tenant
9862150983,030123-GN2347-RX-P134,master_generic,MASTER,2025-07-25,Active,master_pdl_system,Generated using master_generic template for MASTER tenant
9862150983,AK-030123-ZESTRL-RX,ak_standard,AK,2025-08-30,Active,ak_pdl_system,Generated using ak_standard template for AK tenant
4148757719,623448-BR7513-RX-P441,master_standard,MASTER,2025-08-15,Active,master_pdl_system,Generated using master_standard template for MASTER tenant
4148757719,MO-359881-BR62-COM-RX,mo_community,MO,2025-08-19,Generated,mo_pdl_system,Generated using mo_community template for MO tenant
4215794577,724772-GN8153-RX-P529,master_generic,MASTER,2025-08-28,Generated,master_pdl_system,Generated using master_generic template for MASTER tenant
4215794577,MO-269117-BR9851-MCD-P36,mo_medicaid,MO,2025-09-15,Validated,mo_pdl_system,Generated using mo_medicaid template for MO tenant
4475167976,220036-BR82-MF540-RX,master_mfr,MASTER,2025-08-22,Generated,master_pdl_system,Generated using master_mfr template for MASTER tenant
4475167976,122203-GN7293-RX-P909,master_generic,MASTER,2025-09-15,Generated,master_pdl_system,Alternative master_generic key code for MASTER tenant
4475167976,AK-720863-BR6671-RX,ak_standard,AK,2025-08-27,Active,ak_pdl_system,Generated using ak_standard template for AK tenant
4475167976,MO-195331-BR9791-MCD-P10,mo_medicaid,MO,2025-08-28,Generated,mo_pdl_system,Generated using mo_medicaid template for MO tenant
6024475102,763323-BR92-MF654-RX,master_mfr,MASTER,2025-08-21,Generated,master_pdl_system,Generated using master_mfr template for MASTER tenant
6024475102,AK-939267-BR56-RX-RUR,ak_rural,AK,2025-09-14,Validated,ak_pdl_system,Generated using ak_rural template for AK tenant
6024475102,MO-481392-BR4540-MCD-P29,mo_medicaid,MO,2025-08-18,Validated,mo_pdl_system,Generated using mo_medicaid template for MO tenant
5607862915,573121-GN2866-RX-P744,master_generic,MASTER,2025-09-05,Active,master_pdl_system,Generated using master_generic template for MASTER tenant
5919285406,100945-BR2228-RX-P278,master_standard,MASTER,2025-08-24,Generated,master_pdl_system,Generated using master_standard template for MASTER tenant
5919285406,AK-984318-BR58-P85011-EXT,ak_extended,AK,2025-07-25,Generated,ak_pdl_system,Generated using ak_extended template for AK tenant
5919285406,AK-468109-BR10-RX-RUR,ak_rural,AK,2025-08-23,Generated,ak_pdl_system,Alternative ak_rural key code for AK tenant
5919285406,MO-666836-BR5973-MCD-P33,mo_medicaid,MO,2025-09-11,Generated,mo_pdl_system,Generated using mo_medicaid template for MO tenant
2810942167,018432-GN8864-RX-P932,master_generic,MASTER,2025-07-25,Validated,master_pdl_system,Generated using master_generic template for MASTER tenant
2810942167,MO-018432-LOPRES-RX,mo_standard,MO,2025-08-27,Active,mo_pdl_system,Generated using mo_standard template for MO tenant
6167753531,058234-NORVAS-RX-P313,master_standard,MASTER,2025-09-07,Validated,master_pdl_system,Generated using master_standard template for MASTER tenant
6167753531,AK-058234-NORV-RX-RUR,ak_rural,AK,2025-09-08,Validated,ak_pdl_system,Generated using ak_rural template for AK tenant
6167753531,MO-058234-NORV-COM-RX,mo_community,MO,2025-07-25,Generated,mo_pdl_system,Generated using mo_community template for MO tenant
2515899609,058234-NORVAS-RX-P537,master_standard,MASTER,2025-09-09,Active,master_pdl_system,Generated using master_standard template for MASTER tenant
2515899609,MO-058234-NORVAS-MCD-P65,mo_medicaid,MO,2025-08-26,Validated,mo_pdl_system,Generated using mo_medicaid template for MO tenant
7804370836,058234-NORVAS-RX-P878,master_standard,MASTER,2025-08-20,Generated,master_pdl_system,Generated using master_standard template for MASTER tenant
7804370836,AK-058234-NORVAS-RX,ak_standard,AK,2025-08-30,Validated,ak_pdl_system,Generated using ak_standard template for AK tenant
3877163187,023987-PRIL-MF946-RX,master_mfr,MASTER,2025-08-14,Validated,master_pdl_system,Generated using master_mfr template for MASTER tenant
3877163187,MO-023987-PRILOS-RX,mo_standard,MO,2025-08-30,Active,mo_pdl_system,Generated using mo_standard template for MO tenant
9869859516,736081-BR99-MF109-RX,master_mfr,MASTER,2025-08-03,Validated,master_pdl_system,Generated using master_mfr template for MASTER tenant
9869859516,AK-465527-BR28-RX-RUR,ak_rural,AK,2025-08-31,Validated,ak_pdl_system,Generated using ak_rural template for AK tenant
9869859516,MO-313922-BR74-COM-RX,mo_community,MO,2025-09-07,Generated,mo_pdl_system,Generated using mo_community template for MO tenant
7042622182,019876-ZOCORX-RX-P271,master_standard,MASTER,2025-09-04,Active,master_pdl_system,Generated using master_standard template for MASTER tenant
7042622182,AK-019876-ZOCO-RX-RUR,ak_rural,AK,2025-07-21,Validated,ak_pdl_system,Generated using ak_rural template for AK tenant
7042622182,MO-019876-ZOCORX-MCD-P50,mo_medicaid,MO,2025-07-29,Active,mo_pdl_system,Generated using mo_medicaid template for MO tenant
1839946326,926719-BR3282-RX-P276,master_standard,MASTER,2025-07-29,Active,master_pdl_system,Generated using master_standard template for MASTER tenant
1839946326,681198-BR81-MF354-RX,master_mfr,MASTER,2025-09-04,Generated,master_pdl_system,Alternative master_mfr key code for MASTER tenant
1839946326,MO-849845-BR9737-RX,mo_standard,MO,2025-09-16,Validated,mo_pdl_system,Generated using mo_standard template for MO tenant
4424235982,023987-PRIL-MF822-RX,master_mfr,MASTER,2025-07-28,Validated,master_pdl_system,Generated using master_mfr template for MASTER tenant
4424235982,MO-023987-PRILOS-MCD-P77,mo_medicaid,MO,2025-09-02,Active,mo_pdl_system,Generated using mo_medicaid template for MO tenant
1621461765,018432-GN5318-RX-P743,master_generic,MASTER,2025-08-29,Active,master_pdl_system,Generated using master_generic template for MASTER tenant
1621461765,MO-018432-LOPRES-RX,mo_standard,MO,2025-08-04,Active,mo_pdl_system,Generated using mo_standard template for MO tenant
1839956360,018432-LOPR-MF481-RX,master_mfr,MASTER,2025-08-28,Active,master_pdl_system,Generated using master_mfr template for MASTER tenant
1839956360,AK-018432-LOPR-P98674-EXT,ak_extended,AK,2025-08-10,Generated,ak_pdl_system,Generated using ak_extended template for AK tenant
1839956360,MO-018432-LOPR-COM-RX,mo_community,MO,2025-09-03,Active,mo_pdl_system,Generated using mo_community template for MO tenant
8225522363,107799-GN9352-RX-P271,master_generic,MASTER,2025-09-18,Generated,master_pdl_system,Generated using master_generic template for MASTER tenant
8225522363,AK-622338-BR22-RX-RUR,ak_rural,AK,2025-08-19,Validated,ak_pdl_system,Generated using ak_rural template for AK tenant
8225522363,MO-774252-BR20-COM-RX,mo_community,MO,2025-08-18,Validated,mo_pdl_system,Generated using mo_community template for MO tenant
6378276904,109311-GN4120-RX-P793,master_generic,MASTER,2025-07-26,Generated,master_pdl_system,Generated using master_generic template for MASTER tenant
6378276904,AK-724319-BR79-RX-RUR,ak_rural,AK,2025-08-19,Active,ak_pdl_system,Generated using ak_rural template for AK tenant
6378276904,MO-675820-BR25-COM-RX,mo_community,MO,2025-08-10,Generated,mo_pdl_system,Generated using mo_community template for MO tenant
8932843683,128644-BR79-MF428-RX,master_mfr,MASTER,2025-08-21,Active,master_pdl_system,Generated using master_mfr template for MASTER tenant
8932843683,MO-751965-BR99-COM-RX,mo_community,MO,2025-08-21,Active,mo_pdl_system,Generated using mo_community template for MO tenant
8694647469,135655-BR49-MF257-RX,master_mfr,MASTER,2025-08-17,Active,master_pdl_system,Generated using master_mfr template for MASTER tenant
8694647469,AK-243389-BR49-RX-RUR,ak_rural,AK,2025-09-08,Validated,ak_pdl_system,Generated using ak_rural template for AK tenant
8849441730,809161-BR8603-RX-P782,master_standard,MASTER,2025-07-30,Validated,master_pdl_system,Generated using master_standard template for MASTER tenant
8849441730,MO-919592-BR33-COM-RX,mo_community,MO,2025-08-19,Active,mo_pdl_system,Generated using mo_community template for MO tenant
5255397911,963232-BR37-MF603-RX,master_mfr,MASTER,2025-09-13,Generated,master_pdl_system,Generated using master_mfr template for MASTER tenant
5255397911,AK-724411-BR5413-RX,ak_standard,AK,2025-08-05,Validated,ak_pdl_system,Generated using ak_standard template for AK tenant
5255397911,MO-496107-BR3960-MCD-P24,mo_medicaid,MO,2025-08-12,Active,mo_pdl_system,Generated using mo_medicaid template for MO tenant
2215706759,018432-LOPR-MF957-RX,master_mfr,MASTER,2025-07-26,Generated,master_pdl_system,Generated using master_mfr template for MASTER tenant
2215706759,AK-018432-LOPRES-RX,ak_standard,AK,2025-08-22,Generated,ak_pdl_system,Generated using ak_standard template for AK tenant
2215706759,MO-018432-LOPRES-RX,mo_standard,MO,2025-08-03,Validated,mo_pdl_system,Generated using mo_standard template for MO tenant
1734871024,779744-GN6376-RX-P455,master_generic,MASTER,2025-08-07,Generated,master_pdl_system,Generated using master_generic template for MASTER tenant
1734871024,AK-803427-BR16-P15694-EXT,ak_extended,AK,2025-08-13,Validated,ak_pdl_system,Generated using ak_extended template for AK tenant
1734871024,MO-225223-BR28-COM-RX,mo_community,MO,2025-07-25,Active,mo_pdl_system,Generated using mo_community template for MO tenant
1734871024,MO-137027-BR5035-RX,mo_standard,MO,2025-09-15,Generated,mo_pdl_system,Alternative mo_standard key code for MO tenant
5389984538,149489-GN6166-RX-P119,master_generic,MASTER,2025-08-02,Generated,master_pdl_system,Generated using master_generic template for MASTER tenant
5389984538,AK-820530-BR7758-RX,ak_standard,AK,2025-09-12,Validated,ak_pdl_system,Generated using ak_standard template for AK tenant
5389984538,MO-511401-BR3892-RX,mo_standard,MO,2025-09-15,Generated,mo_pdl_system,Generated using mo_standard template for MO tenant
5389984538,MO-135466-BR6915-MCD-P14,mo_medicaid,MO,2025-09-14,Generated,mo_pdl_system,Alternative mo_medicaid key code for MO tenant
3495233425,024578-GLUC-MF449-RX,master_mfr,MASTER,2025-09-13,Validated,master_pdl_system,Generated using master_mfr template for MASTER tenant
3495233425,AK-024578-GLUC-RX-RUR,ak_rural,AK,2025-08-01,Active,ak_pdl_system,Generated using ak_rural template for AK tenant
3495233425,MO-024578-GLUCOP-MCD-P11,mo_medicaid,MO,2025-08-07,Generated,mo_pdl_system,Generated using mo_medicaid template for MO tenant
9853740488,686480-BR50-MF718-RX,master_mfr,MASTER,2025-08-01,Active,master_pdl_system,Generated using master_mfr template for MASTER tenant
9853740488,AK-207822-BR33-P24196-EXT,ak_extended,AK,2025-09-14,Active,ak_pdl_system,Generated using ak_extended template for AK tenant
9853740488,AK-162858-BR9815-RX,ak_standard,AK,2025-08-25,Generated,ak_pdl_system,Alternative ak_standard key code for AK tenant
9463225258,674281-BR39-MF758-RX,master_mfr,MASTER,2025-07-26,Active,master_pdl_system,Generated using master_mfr template for MASTER tenant
9463225258,AK-973800-BR96-RX-RUR,ak_rural,AK,2025-08-21,Active,ak_pdl_system,Generated using ak_rural template for AK tenant
9463225258,MO-859457-BR1794-RX,mo_standard,MO,2025-07-25,Generated,mo_pdl_system,Generated using mo_standard template for MO tenant
8414246160,023987-PRIL-MF572-RX,master_mfr,MASTER,2025-09-17,Validated,master_pdl_system,Generated using master_mfr template for MASTER tenant
8414246160,023987-PRILOS-RX-P444,master_standard,MASTER,2025-09-03,Generated,master_pdl_system,Alternative master_standard key code for MASTER tenant
8414246160,AK-023987-PRIL-RX-RUR,ak_rural,AK,2025-09-16,Validated,ak_pdl_system,Generated using ak_rural template for AK tenant
5392376819,785325-GN2392-RX-P777,master_generic,MASTER,2025-09-08,Generated,master_pdl_system,Generated using master_generic template for MASTER tenant
5392376819,AK-633530-BR5618-RX,ak_standard,AK,2025-08-25,Active,ak_pdl_system,Generated using ak_standard template for AK tenant
5392376819,MO-102692-BR3731-RX,mo_standard,MO,2025-08-08,Validated,mo_pdl_system,Generated using mo_standard template for MO tenant
5392376819,MO-915748-BR9890-MCD-P42,mo_medicaid,MO,2025-09-13,Generated,mo_pdl_system,Alternative mo_medicaid key code for MO tenant
1002213896,407130-BR2651-RX-P206,master_standard,MASTER,2025-08-29,Validated,master_pdl_system,Generated using master_standard template for MASTER tenant
1002213896,MO-193111-BR6035-MCD-P45,mo_medicaid,MO,2025-08-20,Generated,mo_pdl_system,Generated using mo_medicaid template for MO tenant
8040635284,822411-BR51-MF415-RX,master_mfr,MASTER,2025-08-11,Active,master_pdl_system,Generated using master_mfr template for MASTER tenant
8040635284,AK-490558-BR85-RX-RUR,ak_rural,AK,2025-08-18,Generated,ak_pdl_system,Generated using ak_rural template for AK tenant
8040635284,MO-316633-BR42-COM-RX,mo_community,MO,2025-07-31,Active,mo_pdl_system,Generated using mo_community template for MO tenant
6310226266,626197-GN6508-RX-P165,master_generic,MASTER,2025-08-16,Generated,master_pdl_system,Generated using master_generic template for MASTER tenant
6310226266,668054-BR56-MF149-RX,master_mfr,MASTER,2025-09-04,Generated,master_pdl_system,Alternative master_mfr key code for MASTER tenant
6310226266,AK-205533-BR43-RX-RUR,ak_rural,AK,2025-09-11,Active,ak_pdl_system,Generated using ak_rural template for AK tenant
6310226266,MO-793365-BR4486-RX,mo_standard,MO,2025-09-17,Active,mo_pdl_system,Generated using mo_standard template for MO tenant
4952379323,762273-GN8865-RX-P439,master_generic,MASTER,2025-08-24,Validated,master_pdl_system,Generated using master_generic template for MASTER tenant
4952379323,AK-406411-BR1493-RX,ak_standard,AK,2025-09-10,Active,ak_pdl_system,Generated using ak_standard template for AK tenant
4952379323,MO-666115-BR3390-MCD-P14,mo_medicaid,MO,2025-09-19,Active,mo_pdl_system,Generated using mo_medicaid template for MO tenant
4835658849,998029-BR4729-RX-P173,master_standard,MASTER,2025-08-13,Active,master_pdl_system,Generated using master_standard template for MASTER tenant
4835658849,AK-481511-BR7552-RX,ak_standard,AK,2025-09-03,Validated,ak_pdl_system,Generated using ak_standard template for AK tenant
4835658849,MO-814890-BR89-COM-RX,mo_community,MO,2025-08-03,Active,mo_pdl_system,Generated using mo_community template for MO tenant
4720856717,697882-BR4409-RX-P504,master_standard,MASTER,2025-09-16,Generated,master_pdl_system,Generated using master_standard template for MASTER tenant
4720856717,AK-731980-BR68-RX-RUR,ak_rural,AK,2025-08-02,Validated,ak_pdl_system,Generated using ak_rural template for AK tenant
4720856717,MO-502818-BR1189-MCD-P87,mo_medicaid,MO,2025-08-23,Validated,mo_pdl_system,Generated using mo_medicaid template for MO tenant
7168319021,864758-BR6002-RX-P627,master_standard,MASTER,2025-07-22,Validated,master_pdl_system,Generated using master_standard template for MASTER tenant
7168319021,AK-871485-BR98-RX-RUR,ak_rural,AK,2025-09-08,Validated,ak_pdl_system,Generated using ak_rural template for AK tenant
7168319021,MO-739727-BR71-COM-RX,mo_community,MO,2025-09-13,Generated,mo_pdl_system,Generated using mo_community template for MO tenant
4832759161,868787-GN1486-RX-P813,master_generic,MASTER,2025-08-15,Generated,master_pdl_system,Generated using master_generic template for MASTER tenant
4832759161,MO-645206-BR7536-MCD-P50,mo_medicaid,MO,2025-09-01,Validated,mo_pdl_system,Generated using mo_medicaid template for MO tenant
7563245808,401656-GN5239-RX-P597,master_generic,MASTER,2025-07-23,Generated,master_pdl_system,Generated using master_generic template for MASTER tenant
7563245808,253930-BR55-MF752-RX,master_mfr,MASTER,2025-08-27,Generated,master_pdl_system,Alternative master_mfr key code for MASTER tenant
7563245808,AK-641612-BR66-RX-RUR,ak_rural,AK,2025-08-17,Active,ak_pdl_system,Generated using ak_rural template for AK tenant
7563245808,MO-644188-BR72-COM-RX,mo_community,MO,2025-08-18,Active,mo_pdl_system,Generated using mo_community template for MO tenant
7563245808,MO-941213-BR8168-RX,mo_standard,MO,2025-09-16,Generated,mo_pdl_system,Alternative mo_standard key code for MO tenant
5297849867,277993-GN7024-RX-P210,master_generic,MASTER,2025-08-13,Generated,master_pdl_system,Generated using master_generic template for MASTER tenant
5297849867,AK-392731-BR67-P14134-EXT,ak_extended,AK,2025-07-27,Active,ak_pdl_system,Generated using ak_extended template for AK tenant
5297849867,MO-409159-BR64-COM-RX,mo_community,MO,2025-08-04,Validated,mo_pdl_system,Generated using mo_community template for MO tenant
9426758083,755894-GN2455-RX-P323,master_generic,MASTER,2025-09-12,Generated,master_pdl_system,Generated using master_generic template for MASTER tenant
9426758083,MO-780032-BR80-COM-RX,mo_community,MO,2025-08-15,Generated,mo_pdl_system,Generated using mo_community template for MO tenant
4998295437,592479-BR9720-RX-P524,master_standard,MASTER,2025-08-05,Validated,master_pdl_system,Generated using master_standard template for MASTER tenant
4998295437,AK-315926-BR13-RX-RUR,ak_rural,AK,2025-07-31,Generated,ak_pdl_system,Generated using ak_rural template for AK tenant
8689966026,237808-BR2986-RX-P958,master_standard,MASTER,2025-09-02,Active,master_pdl_system,Generated using master_standard template for MASTER tenant
8689966026,AK-978214-BR36-P48928-EXT,ak_extended,AK,2025-08-29,Active,ak_pdl_system,Generated using ak_extended template for AK tenant
8186700260,024578-GN7521-RX-P414,master_generic,MASTER,2025-07-26,Active,master_pdl_system,Generated using master_generic template for MASTER tenant
8186700260,MO-024578-GLUCOP-MCD-P35,mo_medicaid,MO,2025-09-18,Active,mo_pdl_system,Generated using mo_medicaid template for MO tenant
8343947494,019876-GN2096-RX-P356,master_generic,MASTER,2025-09-16,Generated,master_pdl_system,Generated using master_generic template for MASTER tenant
8343947494,AK-019876-ZOCORX-RX,ak_standard,AK,2025-08-02,Validated,ak_pdl_system,Generated using ak_standard template for AK tenant
8343947494,MO-019876-ZOCO-COM-RX,mo_community,MO,2025-09-07,Validated,mo_pdl_system,Generated using mo_community template for MO tenant
6610523344,023987-PRIL-MF583-RX,master_mfr,MASTER,2025-08-30,Generated,master_pdl_system,Generated using master_mfr template for MASTER tenant
6610523344,AK-023987-PRIL-P93754-EXT,ak_extended,AK,2025-09-12,Generated,ak_pdl_system,Generated using ak_extended template for AK tenant
6610523344,MO-023987-PRILOS-RX,mo_standard,MO,2025-08-31,Active,mo_pdl_system,Generated using mo_standard template for MO tenant
4695833631,742709-BR43-MF365-RX,master_mfr,MASTER,2025-08-30,Generated,master_pdl_system,Generated using master_mfr template for MASTER tenant
4037124251,510073-BR4220-RX-P744,master_standard,MASTER,2025-08-08,Generated,master_pdl_system,Generated using master_standard template for MASTER tenant
4037124251,AK-443571-BR79-RX-RUR,ak_rural,AK,2025-09-09,Active,ak_pdl_system,Generated using ak_rural template for AK tenant
4037124251,MO-627943-BR2700-MCD-P16,mo_medicaid,MO,2025-09-03,Validated,mo_pdl_system,Generated using mo_medicaid template for MO tenant
4156635055,137161-BR5971-RX-P313,master_standard,MASTER,2025-08-04,Generated,master_pdl_system,Generated using master_standard template for MASTER tenant
4156635055,AK-196592-BR96-P85210-EXT,ak_extended,AK,2025-09-01,Generated,ak_pdl_system,Generated using ak_extended template for AK tenant
4156635055,MO-975363-BR4375-RX,mo_standard,MO,2025-08-10,Generated,mo_pdl_system,Generated using mo_standard template for MO tenant
4156635055,MO-299730-BR8081-MCD-P69,mo_medicaid,MO,2025-09-15,Generated,mo_pdl_system,Alternative mo_medicaid key code for MO tenant
4157208448,024578-GN5480-RX-P919,master_generic,MASTER,2025-07-21,Validated,master_pdl_system,Generated using master_generic template for MASTER tenant
4157208448,024578-GLUCOP-RX-P959,master_standard,MASTER,2025-09-10,Generated,master_pdl_system,Alternative master_standard key code for MASTER tenant
4157208448,MO-024578-GLUCOP-MCD-P80,mo_medicaid,MO,2025-09-07,Active,mo_pdl_system,Generated using mo_medicaid template for MO tenant
3783584446,734579-GN3299-RX-P975,master_generic,MASTER,2025-09-10,Active,master_pdl_system,Generated using master_generic template for MASTER tenant
3783584446,MO-124163-BR3940-MCD-P62,mo_medicaid,MO,2025-08-20,Generated,mo_pdl_system,Generated using mo_medicaid template for MO tenant
4906836455,361206-GN5153-RX-P217,master_generic,MASTER,2025-07-26,Generated,master_pdl_system,Generated using master_generic template for MASTER tenant
4906836455,AK-449926-BR42-RX-RUR,ak_rural,AK,2025-07-24,Generated,ak_pdl_system,Generated using ak_rural template for AK tenant
4906836455,MO-790724-BR4138-MCD-P78,mo_medicaid,MO,2025-08-11,Active,mo_pdl_system,Generated using mo_medicaid template for MO tenant
9496684205,231297-BR71-MF708-RX,master_mfr,MASTER,2025-08-04,Active,master_pdl_system,Generated using master_mfr template for MASTER tenant
9975104530,502137-BR2345-RX-P639,master_standard,MASTER,2025-07-21,Generated,master_pdl_system,Generated using master_standard template for MASTER tenant
9975104530,MO-129624-BR76-COM-RX,mo_community,MO,2025-07-21,Validated,mo_pdl_system,Generated using mo_community template for MO tenant
1921317338,227334-BR8806-RX-P192,master_standard,MASTER,2025-09-09,Generated,master_pdl_system,Generated using master_standard template for MASTER tenant
1921317338,MO-675416-BR7663-RX,mo_standard,MO,2025-09-04,Active,mo_pdl_system,Generated using mo_standard template for MO tenant
1403409684,058234-NORVAS-RX-P761,master_standard,MASTER,2025-09-14,Validated,master_pdl_system,Generated using master_standard template for MASTER tenant
3399798355,519327-GN6292-RX-P492,master_generic,MASTER,2025-08-03,Active,master_pdl_system,Generated using master_generic template for MASTER tenant
3399798355,112621-BR6096-RX-P388,master_standard,MASTER,2025-09-11,Generated,master_pdl_system,Alternative master_standard key code for MASTER tenant
3399798355,MO-872732-BR76-COM-RX,mo_community,MO,2025-08-04,Active,mo_pdl_system,Generated using mo_community template for MO tenant
2056168526,933903-BR79-MF405-RX,master_mfr,MASTER,2025-08-28,Generated,master_pdl_system,Generated using master_mfr template for MASTER tenant
2056168526,AK-741460-BR54-RX-RUR,ak_rural,AK,2025-08-01,Validated,ak_pdl_system,Generated using ak_rural template for AK tenant
2056168526,AK-864399-BR9064-RX,ak_standard,AK,2025-08-20,Generated,ak_pdl_system,Alternative ak_standard key code for AK tenant
2056168526,MO-201358-BR1884-MCD-P18,mo_medicaid,MO,2025-08-27,Active,mo_pdl_system,Generated using mo_medicaid template for MO tenant
7880709711,024578-GLUC-MF467-RX,master_mfr,MASTER,2025-07-31,Generated,master_pdl_system,Generated using master_mfr template for MASTER tenant
7880709711,AK-024578-GLUC-RX-RUR,ak_rural,AK,2025-09-12,Generated,ak_pdl_system,Generated using ak_rural template for AK tenant
7880709711,MO-024578-GLUC-COM-RX,mo_community,MO,2025-09-12,Validated,mo_pdl_system,Generated using mo_community template for MO tenant
7880709711,MO-024578-GLUCOP-MCD-P47,mo_medicaid,MO,2025-09-01,Generated,mo_pdl_system,Alternative mo_medicaid key code for MO tenant
2605853200,745688-BR3625-RX-P424,master_standard,MASTER,2025-07-27,Validated,master_pdl_system,Generated using master_standard template for MASTER tenant
2605853200,MO-162172-BR7536-MCD-P58,mo_medicaid,MO,2025-07-22,Active,mo_pdl_system,Generated using mo_medicaid template for MO tenant
9243479420,286969-BR77-MF570-RX,master_mfr,MASTER,2025-08-11,Active,master_pdl_system,Generated using master_mfr template for MASTER tenant
9243479420,AK-385081-BR21-P96586-EXT,ak_extended,AK,2025-09-13,Validated,ak_pdl_system,Generated using ak_extended template for AK tenant
9243479420,MO-789171-BR8624-MCD-P14,mo_medicaid,MO,2025-09-17,Generated,mo_pdl_system,Generated using mo_medicaid template for MO tenant
6260724222,614961-BR3500-RX-P629,master_standard,MASTER,2025-09-12,Validated,master_pdl_system,Generated using master_standard template for MASTER tenant
6260724222,AK-918036-BR40-RX-RUR,ak_rural,AK,2025-08-28,Generated,ak_pdl_system,Generated using ak_rural template for AK tenant
6260724222,MO-762277-BR82-COM-RX,mo_community,MO,2025-09-01,Generated,mo_pdl_system,Generated using mo_community template for MO tenant
6260724222,MO-217150-BR9931-MCD-P32,mo_medicaid,MO,2025-08-26,Generated,mo_pdl_system,Alternative mo_medicaid key code for MO tenant
6946528366,942750-BR4950-RX-P953,master_standard,MASTER,2025-08-02,Generated,master_pdl_system,Generated using master_standard template for MASTER tenant
6946528366,MO-175067-BR8850-RX,mo_standard,MO,2025-08-17,Active,mo_pdl_system,Generated using mo_standard template for MO tenant
4263426627,752538-GN1285-RX-P760,master_generic,MASTER,2025-08-10,Validated,master_pdl_system,Generated using master_generic template for MASTER tenant
4263426627,AK-997175-BR74-RX-RUR,ak_rural,AK,2025-07-26,Validated,ak_pdl_system,Generated using ak_rural template for AK tenant
4263426627,MO-234302-BR82-COM-RX,mo_community,MO,2025-08-29,Validated,mo_pdl_system,Generated using mo_community template for MO tenant
2851131694,058234-NORVAS-RX-P632,master_standard,MASTER,2025-09-06,Validated,master_pdl_system,Generated using master_standard template for MASTER tenant
2851131694,AK-058234-NORVAS-RX,ak_standard,AK,2025-09-12,Generated,ak_pdl_system,Generated using ak_standard template for AK tenant
2851131694,MO-058234-NORV-COM-RX,mo_community,MO,2025-08-18,Active,mo_pdl_system,Generated using mo_community template for MO tenant
7459700640,382492-GN9890-RX-P864,master_generic,MASTER,2025-08-16,Validated,master_pdl_system,Generated using master_generic template for MASTER tenant
7459700640,AK-555013-BR5606-RX,ak_standard,AK,2025-08-13,Generated,ak_pdl_system,Generated using ak_standard template for AK tenant
7459700640,MO-239050-BR54-COM-RX,mo_community,MO,2025-08-19,Generated,mo_pdl_system,Generated using mo_community template for MO tenant
4926255051,742151-GN7537-RX-P973,master_generic,MASTER,2025-09-16,Validated,master_pdl_system,Generated using master_generic template for MASTER tenant
4926255051,MO-918460-BR2059-MCD-P38,mo_medicaid,MO,2025-08-13,Validated,mo_pdl_system,Generated using mo_medicaid template for MO tenant
9662355122,058234-GN6616-RX-P728,master_generic,MASTER,2025-08-20,Active,master_pdl_system,Generated using master_generic template for MASTER tenant
9662355122,AK-058234-NORV-P11235-EXT,ak_extended,AK,2025-07-28,Validated,ak_pdl_system,Generated using ak_extended template for AK tenant
9662355122,MO-058234-NORV-COM-RX,mo_community,MO,2025-08-18,Generated,mo_pdl_system,Generated using mo_community template for MO tenant
4675317456,058234-NORVAS-RX-P605,master_standard,MASTER,2025-09-07,Validated,master_pdl_system,Generated using master_standard template for MASTER tenant
4675317456,AK-058234-NORVAS-RX,ak_standard,AK,2025-08-11,Generated,ak_pdl_system,Generated using ak_standard template for AK tenant
1076247469,967173-BR5081-RX-P266,master_standard,MASTER,2025-07-28,Validated,master_pdl_system,Generated using master_standard template for MASTER tenant
1076247469,MO-699459-BR7792-MCD-P20,mo_medicaid,MO,2025-08-02,Generated,mo_pdl_system,Generated using mo_medicaid template for MO tenant
5028771608,030123-GN1628-RX-P730,master_generic,MASTER,2025-09-01,Active,master_pdl_system,Generated using master_generic template for MASTER tenant
5028771608,AK-030123-ZEST-P58667-EXT,ak_extended,AK,2025-09-15,Validated,ak_pdl_system,Generated using ak_extended template for AK tenant
5028771608,MO-030123-ZESTRL-MCD-P98,mo_medicaid,MO,2025-09-02,Generated,mo_pdl_system,Generated using mo_medicaid template for MO tenant
5028771608,MO-030123-ZESTRL-RX,mo_standard,MO,2025-08-25,Generated,mo_pdl_system,Alternative mo_standard key code for MO tenant
3169261527,386544-BR92-MF789-RX,master_mfr,MASTER,2025-08-12,Generated,master_pdl_system,Generated using master_mfr template for MASTER tenant
3169261527,AK-239235-BR21-RX-RUR,ak_rural,AK,2025-08-16,Generated,ak_pdl_system,Generated using ak_rural template for AK tenant
1612262970,030123-ZESTRL-RX-P882,master_standard,MASTER,2025-08-19,Active,master_pdl_system,Generated using master_standard template for MASTER tenant
1612262970,MO-030123-ZESTRL-RX,mo_standard,MO,2025-09-04,Validated,mo_pdl_system,Generated using mo_standard template for MO tenant
3039678075,160416-GN1374-RX-P238,master_generic,MASTER,2025-07-31,Generated,master_pdl_system,Generated using master_generic template for MASTER tenant
3039678075,AK-430780-BR28-P28581-EXT,ak_extended,AK,2025-08-19,Active,ak_pdl_system,Generated using ak_extended template for AK tenant
3039678075,MO-550379-BR6171-MCD-P85,mo_medicaid,MO,2025-09-12,Active,mo_pdl_system,Generated using mo_medicaid template for MO tenant
7202350685,939967-BR76-MF576-RX,master_mfr,MASTER,2025-08-02,Active,master_pdl_system,Generated using master_mfr template for MASTER tenant
7202350685,AK-508263-BR92-RX-RUR,ak_rural,AK,2025-08-29,Validated,ak_pdl_system,Generated using ak_rural template for AK tenant
1519229767,023987-GN2197-RX-P552,master_generic,MASTER,2025-08-04,Active,master_pdl_system,Generated using master_generic template for MASTER tenant
1519229767,MO-023987-PRIL-COM-RX,mo_community,MO,2025-09-19,Generated,mo_pdl_system,Generated using mo_community template for MO tenant
3653298842,271001-BR3224-RX-P985,master_standard,MASTER,2025-08-29,Active,master_pdl_system,Generated using master_standard template for MASTER tenant
3653298842,AK-573664-BR6841-RX,ak_standard,AK,2025-08-22,Validated,ak_pdl_system,Generated using ak_standard template for AK tenant
3653298842,MO-319831-BR9347-MCD-P71,mo_medicaid,MO,2025-08-29,Validated,mo_pdl_system,Generated using mo_medicaid template for MO tenant
8616599196,AK-167934-BR6937-RX,ak_standard,AK,2025-09-09,Validated,ak_pdl_system,Generated using ak_standard template for AK tenant
6539577736,AK-202472-BR51-P89471-EXT,ak_extended,AK,2025-07-21,Generated,ak_pdl_system,Generated using ak_extended template for AK tenant
4477721364,AK-325789-BR28-RX-RUR,ak_rural,AK,2025-09-04,Active,ak_pdl_system,Generated using ak_rural template for AK tenant
7280233624,AK-837936-BR7296-RX,ak_standard,AK,2025-08-22,Generated,ak_pdl_system,Generated using ak_standard template for AK tenant
7029943247,AK-626459-BR44-RX-RUR,ak_rural,AK,2025-08-13,Active,ak_pdl_system,Generated using ak_rural template for AK tenant
6658173935,AK-613305-BR74-P28193-EXT,ak_extended,AK,2025-09-09,Validated,ak_pdl_system,Generated using ak_extended template for AK tenant
8294806525,AK-508294-BR46-RX-RUR,ak_rural,AK,2025-08-05,Validated,ak_pdl_system,Generated using ak_rural template for AK tenant
7857477825,AK-303942-BR57-RX-RUR,ak_rural,AK,2025-09-09,Validated,ak_pdl_system,Generated using ak_rural template for AK tenant
7793836773,AK-300499-BR30-P11117-EXT,ak_extended,AK,2025-07-25,Active,ak_pdl_system,Generated using ak_extended template for AK tenant
3994344489,AK-591155-BR95-RX-RUR,ak_rural,AK,2025-08-17,Active,ak_pdl_system,Generated using ak_rural template for AK tenant
9404184090,AK-445810-BR83-P17995-EXT,ak_extended,AK,2025-07-31,Validated,ak_pdl_system,Generated using ak_extended template for AK tenant
4162379327,AK-495359-BR6986-RX,ak_standard,AK,2025-09-14,Generated,ak_pdl_system,Generated using ak_standard template for AK tenant
8127868456,AK-240622-BR98-P99416-EXT,ak_extended,AK,2025-08-15,Validated,ak_pdl_system,Generated using ak_extended template for AK tenant
7579305851,AK-840626-BR5875-RX,ak_standard,AK,2025-08-25,Active,ak_pdl_system,Generated using ak_standard template for AK tenant
3165118481,AK-684264-BR86-P65370-EXT,ak_extended,AK,2025-09-06,Validated,ak_pdl_system,Generated using ak_extended template for AK tenant
7763567608,AK-833760-BR4269-RX,ak_standard,AK,2025-08-20,Validated,ak_pdl_system,Generated using ak_standard template for AK tenant
1568338435,AK-892393-BR45-P45993-EXT,ak_extended,AK,2025-09-16,Validated,ak_pdl_system,Generated using ak_extended template for AK tenant
4718124639,AK-112808-BR85-RX-RUR,ak_rural,AK,2025-07-28,Active,ak_pdl_system,Generated using ak_rural template for AK tenant
5667570407,AK-278111-BR57-RX-RUR,ak_rural,AK,2025-09-15,Active,ak_pdl_system,Generated using ak_rural template for AK tenant
2679808832,AK-175424-BR12-RX-RUR,ak_rural,AK,2025-07-30,Generated,ak_pdl_system,Generated using ak_rural template for AK tenant
2099767005,AK-206833-BR63-RX-RUR,ak_rural,AK,2025-08-13,Generated,ak_pdl_system,Generated using ak_rural template for AK tenant
7341809153,AK-361940-BR5273-RX,ak_standard,AK,2025-07-28,Generated,ak_pdl_system,Generated using ak_standard template for AK tenant
6685506297,AK-151362-BR71-RX-RUR,ak_rural,AK,2025-08-30,Generated,ak_pdl_system,Generated using ak_rural template for AK tenant
7641264752,AK-506419-BR82-RX-RUR,ak_rural,AK,2025-09-10,Validated,ak_pdl_system,Generated using ak_rural template for AK tenant
4107582499,AK-593760-BR3901-RX,ak_standard,AK,2025-08-27,Active,ak_pdl_system,Generated using ak_standard template for AK tenant
1166663125,AK-752169-BR63-RX-RUR,ak_rural,AK,2025-08-16,Validated,ak_pdl_system,Generated using ak_rural template for AK tenant
6473879250,AK-276347-BR20-RX-RUR,ak_rural,AK,2025-09-16,Validated,ak_pdl_system,Generated using ak_rural template for AK tenant
7022656673,AK-191371-BR6062-RX,ak_standard,AK,2025-08-11,Active,ak_pdl_system,Generated using ak_standard template for AK tenant
3796292770,AK-455195-BR50-RX-RUR,ak_rural,AK,2025-09-13,Validated,ak_pdl_system,Generated using ak_rural template for AK tenant
1976943497,AK-779700-BR2566-RX,ak_standard,AK,2025-08-18,Active,ak_pdl_system,Generated using ak_standard template for AK tenant
2313855871,MO-023987-PRILOS-MCD-P11,mo_medicaid,MO,2025-08-02,Active,mo_pdl_system,Generated using mo_medicaid template for MO tenant
3244493958,MO-030123-ZESTRL-MCD-P12,mo_medicaid,MO,2025-09-04,Active,mo_pdl_system,Generated using mo_medicaid template for MO tenant
3804156081,MO-030123-ZESTRL-RX,mo_standard,MO,2025-08-27,Validated,mo_pdl_system,Generated using mo_standard template for MO tenant
3804156081,MO-030123-ZESTRL-MCD-P74,mo_medicaid,MO,2025-09-16,Generated,mo_pdl_system,Alternative mo_medicaid key code for MO tenant
3193369160,MO-232944-BR9695-RX,mo_standard,MO,2025-08-06,Validated,mo_pdl_system,Generated using mo_standard template for MO tenant
2812267158,MO-024578-GLUCOP-MCD-P47,mo_medicaid,MO,2025-08-20,Generated,mo_pdl_system,Generated using mo_medicaid template for MO tenant
2812267158,MO-024578-GLUCOP-RX,mo_standard,MO,2025-09-13,Generated,mo_pdl_system,Alternative mo_standard key code for MO tenant
4272764301,MO-252664-BR74-COM-RX,mo_community,MO,2025-09-07,Active,mo_pdl_system,Generated using mo_community template for MO tenant
3720332955,MO-023987-PRILOS-RX,mo_standard,MO,2025-08-15,Active,mo_pdl_system,Generated using mo_standard template for MO tenant
9409191501,MO-120140-BR1314-RX,mo_standard,MO,2025-08-27,Active,mo_pdl_system,Generated using mo_standard template for MO tenant
9318786650,MO-162235-BR8341-RX,mo_standard,MO,2025-09-10,Generated,mo_pdl_system,Generated using mo_standard template for MO tenant
3233659725,MO-339425-BR32-COM-RX,mo_community,MO,2025-09-11,Generated,mo_pdl_system,Generated using mo_community template for MO tenant
4860575310,MO-898469-BR35-COM-RX,mo_community,MO,2025-08-28,Generated,mo_pdl_system,Generated using mo_community template for MO tenant
1346604939,MO-023987-PRILOS-MCD-P85,mo_medicaid,MO,2025-08-23,Validated,mo_pdl_system,Generated using mo_medicaid template for MO tenant
1225378822,MO-023987-PRILOS-MCD-P58,mo_medicaid,MO,2025-07-26,Active,mo_pdl_system,Generated using mo_medicaid template for MO tenant
3190245007,MO-030123-ZESTRL-MCD-P21,mo_medicaid,MO,2025-07-23,Validated,mo_pdl_system,Generated using mo_medicaid template for MO tenant
2016757307,MO-030123-ZESTRL-MCD-P71,mo_medicaid,MO,2025-07-21,Generated,mo_pdl_system,Generated using mo_medicaid template for MO tenant
2265350455,MO-024578-GLUC-COM-RX,mo_community,MO,2025-09-06,Active,mo_pdl_system,Generated using mo_community template for MO tenant
2277271844,MO-030123-ZESTRL-RX,mo_standard,MO,2025-08-03,Generated,mo_pdl_system,Generated using mo_standard template for MO tenant
7675753664,MO-731495-BR8170-MCD-P80,mo_medicaid,MO,2025-08-12,Active,mo_pdl_system,Generated using mo_medicaid template for MO tenant
7009932186,MO-030123-ZESTRL-MCD-P99,mo_medicaid,MO,2025-07-26,Validated,mo_pdl_system,Generated using mo_medicaid template for MO tenant
7765224309,MO-030123-ZESTRL-MCD-P94,mo_medicaid,MO,2025-07-25,Validated,mo_pdl_system,Generated using mo_medicaid template for MO tenant
1460512159,MO-024578-GLUCOP-MCD-P74,mo_medicaid,MO,2025-09-06,Active,mo_pdl_system,Generated using mo_medicaid template for MO tenant
2223673707,MO-916612-BR9962-MCD-P50,mo_medicaid,MO,2025-09-18,Validated,mo_pdl_system,Generated using mo_medicaid template for MO tenant
9532612867,MO-024578-GLUC-COM-RX,mo_community,MO,2025-08-31,Active,mo_pdl_system,Generated using mo_community template for MO tenant
4883662456,MO-121705-BR9341-MCD-P34,mo_medicaid,MO,2025-08-01,Generated,mo_pdl_system,Generated using mo_medicaid template for MO tenant
7606979090,MO-750911-BR49-COM-RX,mo_community,MO,2025-08-03,Active,mo_pdl_system,Generated using mo_community template for MO tenant
1113230410,MO-024578-GLUCOP-MCD-P44,mo_medicaid,MO,2025-08-28,Generated,mo_pdl_system,Generated using mo_medicaid template for MO tenant
5285850028,MO-023987-PRILOS-RX,mo_standard,MO,2025-09-06,Active,mo_pdl_system,Generated using mo_standard template for MO tenant
1331143740,MO-023987-PRIL-COM-RX,mo_community,MO,2025-08-05,Generated,mo_pdl_system,Generated using mo_community template for MO tenant
6034750232,MO-030123-ZESTRL-MCD-P82,mo_medicaid,MO,2025-08-04,Active,mo_pdl_system,Generated using mo_medicaid template for MO tenant
9500753609,MO-713020-BR3031-MCD-P21,mo_medicaid,MO,2025-08-30,Validated,mo_pdl_system,Generated using mo_medicaid template for MO tenant
